Student_name,Roll_num
Yvie Sosa,CV0001
Addison Carr,CV0002
Melina Conway,CV0003
Lindsay Bradford,CV0004
Fern Mccann,CV0005
Jagdeep Searle,CV0006
Nuala Bowman,CV0007
Tea Avery,CV0008
Killian Mccarthy,CV0009
Rajveer Miller,CV0010
Taliyah Lamb,CV0011
Fraya Flores,CV0012
Brianna Cuevas,CV0013
Tia Mccartney,CV0014
Brooke Waller,CV0015
Nadia Lin,CV0016
Juliet Wolfe,CV0017
Cadi Whittaker,CV0018
Isobel Bate,CV0019
Monique Phelps,CV0020
Nabeela Sims,CV0021
Lilly Lane,CV0022
Rogan Joyce,CV0023
Siana Ryder,CV0024
Mehak Hess,CV0025
Mariya Harwood,CV0026
Kellan Sharma,CV0027
Mared Hill,CV0028
Nico Lam,CV0029
Veronika Bourne,CV0030
Makayla Merrill,CV0031
Debbie Faulkner,CV0032
Sneha Escobar,CV0033
Anastazja Garrett,CV0034
Crystal Spears,CV0035
Daniella Weiss,CV0036
Wyatt Rivera,CV0037
Tate Hurley,CV0038
Kimberley Armitage,CV0039
Sol Mack,CV0040
Katherine Ali,CV0041
Alisa Hood,CV0042
Kai May,CV0043
Amelia-Rose Mccallum,CV0044
Naomi Zhang,CV0045
Roxy Rice,CV0046
Amalie Henson,CV0047
Ariadne Sampson,CV0048
Asmaa Richards,CV0049
Chiara Jackson,CV0050
Luna Walton,CV0051
Danika Livingston,CV0052
Kia Ayala,CV0053
Millie-Mae Chambers,CV0054
Isabell Watson,CV0055
Mahima Trevino,CV0056
Alyx Cardenas,CV0057
Charity Fulton,CV0058
Alexandra Schaefer,CV0059
Cobie Medina,CV0060
Keely Ruiz,CV0061
Karolina Hume,CV0062
Edith Chan,CV0063
Lana Rollins,CV0064
Rebeca Mcloughlin,CV0065
August Goldsmith,CV0066
Sylvia Boyer,CV0067
Elaine Wong,CV0068
Shanaya O'Ryan,CV0069
Kay Andrew,CV0070
Alexandria Holland,CV0071
Vicky Mccall,CV0072
Gillian Good,CV0073
Phyllis Butt,CV0074
Manraj Huynh,CV0075
Tayla Ahmed,CV0076
Jordan Oneill,CV0077
Xanthe Monaghan,CV0078
Frida Rigby,CV0079
Ayomide Becker,CV0080
Viktoria Brooks,CV0081
Suzanne Hilton,CV0082
Adele O'Neill,CV0083
Lily Le,CV0084
Margaret Bates,CV0085
Deniz Webber,CV0086
Abigail Handley,CV0087
Celyn Reid,CV0088
Madihah Salinas,CV0089
Madelaine Goodman,CV0090
Ayman Bernal,CV0091
Romy Kramer,CV0092
Ayisha Sinclair,CV0093
Katie Solomon,CV0094
Nile Park,CV0095
Callie King,CV0096
Maisy Wharton,CV0097
Leticia Dunne,CV0098
Caprice Sanders,CV0099
Linda Salas,CV0100
